{
    "Temperature (K)" : [273.15999999999997, 275.15, 277.15, 283.15, 287.15, 291.15, 293.15, 298.15, 303.15, 307.15, 313.15, 317.15, 323.15, 327.15, 333.15, 343.15, 353.15, 363.15, 369.15, 373.15, 383.15, 393.15, 413.15, 433.15, 453.15, 473.15, 493.15, 513.15, 533.15, 553.15, 573.15, 593.15, 613.15, 633.15, 647.096],
    "Vapor Pressure (hPa)" : [6.1165, 7.0599, 8.1355, 12.282, 15.99, 20.647000000000002, 23.393, 31.699, 42.47, 53.251, 73.849, 91.124, 123.52000000000001, 150.22, 199.46, 312.01, 474.14, 701.82, 877.71, 1014.2, 1433.8, 1986.6999999999998, 3615.4, 6182.3, 10028.0, 15549.0, 23196.0, 33469.0, 46923.0, 64166.0, 85879.0, 112840, 146010, 186660, 220640],
    "Heat of Vaporization (kJ/kg)": [2500.9, 2496.2, 2491.4, 2477.2, 2467.7, 2458.3, 2453.5, 2441.7, 2429.8, 2420.3, 2406.0, 2396.4, 2381.9, 2372.3, 2357.7, 2333.0, 2308.0, 2282.5, 2266.9, 2256.4, 2229.6, 2202.1, 2144.3, 2082.0, 2014.2, 1939.7, 1857.4, 1765.4, 1661.6, 1543.0, 1404.6, 1238.4, 1027.3, 719.8, 0.0]
}